log_id,ticket_id,site_id,region,network_type,alarm_code,alarm_message,start_time,end_time,affected_cells
LOG-804272,TKT-0002,SITE-A815,Region-A,4G,ALM-BACKHAUL-LOS,Backhaul link loss of signal,2026-09-26 03:13,2026-09-26 06:37,2
LOG-553392,TKT-0003,SITE-D690,Region-D,4G,ALM-VOLTE-REG,VoLTE registration failures,2026-09-08 09:49,2026-09-08 14:27,6
LOG-513071,TKT-0004,SITE-C280,Region-C,5G,ALM-PKTLOSS-HIGH,Packet loss threshold exceeded,2026-09-03 07:27,2026-09-03 11:24,1
LOG-268417,TKT-0005,SITE-C624,Region-C,5G,ALM-CELL-DOWN,Cell unavailable,2026-09-17 19:00,2026-09-17 20:04,8
LOG-166617,TKT-0008,SITE-C150,Region-C,Fiber,ALM-POWER-FAIL,External power failure,2026-09-11 07:52,2026-09-11 11:19,10
LOG-180787,TKT-0010,SITE-D634,Region-D,4G,ALM-BACKHAUL-LOS,Backhaul link loss of signal,2026-09-07 20:03,ongoing,10
LOG-812247,TKT-0012,SITE-A162,Region-A,5G,ALM-PKTLOSS-HIGH,Packet loss threshold exceeded,2026-09-20 13:06,2026-09-20 18:53,2
LOG-858535,TKT-0013,SITE-C439,Region-C,Fixed Wireless,ALM-VOLTE-REG,VoLTE registration failures,2026-09-06 13:07,2026-09-06 21:02,6
LOG-989569,TKT-0014,SITE-C182,Region-C,5G,ALM-CFG-DRIFT,Configuration drift detected,2026-09-21 23:35,2026-09-22 00:54,6
LOG-733843,TKT-0016,SITE-A172,Region-A,Fixed Wireless,ALM-POWER-FAIL,External power failure,2026-09-23 13:41,2026-09-23 19:40,9
LOG-863967,TKT-0017,SITE-A470,Region-A,4G,ALM-POWER-FAIL,External power failure,2026-09-04 22:01,2026-09-05 04:54,12
LOG-475517,TKT-0019,SITE-D230,Region-D,VoLTE,ALM-VOLTE-REG,VoLTE registration failures,2026-09-18 07:52,2026-09-18 08:49,11
LOG-214232,TKT-0021,SITE-C806,Region-C,5G,ALM-BACKHAUL-LOS,Backhaul link loss of signal,2026-09-12 03:57,2026-09-12 06:49,9
LOG-929890,TKT-0023,SITE-A947,Region-A,5G,ALM-BACKHAUL-LOS,Backhaul link loss of signal,2026-09-16 18:36,ongoing,2
LOG-658202,TKT-0026,SITE-D610,Region-D,4G,ALM-POWER-FAIL,External power failure,2026-09-13 09:40,ongoing,5
LOG-998851,TKT-0027,SITE-B494,Region-B,4G,ALM-CFG-DRIFT,Configuration drift detected,2026-09-03 23:52,2026-09-04 03:01,2
LOG-804961,TKT-0028,SITE-D514,Region-D,5G,ALM-CELL-DOWN,Cell unavailable,2026-09-08 11:57,2026-09-08 19:25,4
LOG-714805,TKT-0029,SITE-A518,Region-A,Fixed Wireless,ALM-PKTLOSS-HIGH,Packet loss threshold exceeded,2026-09-19 17:01,2026-09-19 22:20,6
LOG-802181,TKT-0032,SITE-A339,Region-A,Fiber,ALM-BACKHAUL-LOS,Backhaul link loss of signal,2026-09-11 00:49,2026-09-11 01:30,5
LOG-625764,TKT-0037,SITE-B162,Region-B,VoLTE,ALM-BACKHAUL-LOS,Backhaul link loss of signal,2026-09-26 10:34,ongoing,2
LOG-628125,TKT-0039,SITE-B981,Region-B,VoLTE,ALM-PKTLOSS-HIGH,Packet loss threshold exceeded,2026-09-06 00:16,2026-09-06 08:05,9
LOG-236255,TKT-0040,SITE-B559,Region-B,4G,ALM-PKTLOSS-HIGH,Packet loss threshold exceeded,2026-09-02 11:04,2026-09-02 13:11,7
LOG-310779,TKT-0043,SITE-C485,Region-C,VoLTE,ALM-CELL-DOWN,Cell unavailable,2026-09-19 12:33,2026-09-19 16:20,7
LOG-354320,TKT-0048,SITE-C304,Region-C,Fixed Wireless,ALM-PKTLOSS-HIGH,Packet loss threshold exceeded,2026-09-01 08:26,2026-09-01 14:35,4
LOG-177128,TKT-0051,SITE-B593,Region-B,4G,ALM-POWER-FAIL,External power failure,2026-09-12 11:26,2026-09-12 18:27,12
LOG-800924,TKT-0056,SITE-D554,Region-D,VoLTE,ALM-BACKHAUL-LOS,Backhaul link loss of signal,2026-09-13 19:56,ongoing,5
LOG-882913,TKT-0057,SITE-A661,Region-A,VoLTE,ALM-VOLTE-REG,VoLTE registration failures,2026-09-11 20:35,2026-09-12 03:15,8
LOG-643202,TKT-0058,SITE-D934,Region-D,VoLTE,ALM-PKTLOSS-HIGH,Packet loss threshold exceeded,2026-09-10 17:55,2026-09-10 21:52,10
LOG-261544,TKT-0060,SITE-B720,Region-B,Fixed Wireless,ALM-CFG-DRIFT,Configuration drift detected,2026-09-13 18:07,2026-09-14 01:21,12
LOG-907421,TKT-0063,SITE-C768,Region-C,Fiber,ALM-CFG-DRIFT,Configuration drift detected,2026-09-05 01:27,ongoing,4
LOG-278123,TKT-0066,SITE-C597,Region-C,4G,ALM-PKTLOSS-HIGH,Packet loss threshold exceeded,2026-09-02 12:02,ongoing,8
LOG-246113,TKT-0069,SITE-D217,Region-D,Fiber,ALM-CFG-DRIFT,Configuration drift detected,2026-09-17 19:36,ongoing,6
LOG-424676,TKT-0072,SITE-B956,Region-B,VoLTE,ALM-CFG-DRIFT,Configuration drift detected,2026-09-17 11:33,2026-09-17 14:35,4
LOG-351564,TKT-0074,SITE-D948,Region-D,Fiber,ALM-POWER-FAIL,External power failure,2026-09-05 13:38,2026-09-05 17:35,10
LOG-927020,TKT-0076,SITE-B259,Region-B,5G,ALM-BACKHAUL-LOS,Backhaul link loss of signal,2026-09-25 17:18,2026-09-25 18:39,4
LOG-846284,TKT-0078,SITE-C294,Region-C,5G,ALM-CFG-DRIFT,Configuration drift detected,2026-09-23 16:10,2026-09-23 22:31,5
LOG-367063,TKT-0079,SITE-B953,Region-B,VoLTE,ALM-VOLTE-REG,VoLTE registration failures,2026-09-23 01:48,2026-09-23 03:38,2
LOG-973735,TKT-0080,SITE-B546,Region-B,5G,ALM-PKTLOSS-HIGH,Packet loss threshold exceeded,2026-09-15 03:52,2026-09-15 04:59,5
LOG-698521,TKT-0081,SITE-B809,Region-B,Fixed Wireless,ALM-POWER-FAIL,External power failure,2026-09-21 20:04,ongoing,9
LOG-109379,TKT-0085,SITE-A791,Region-A,Fiber,ALM-VOLTE-REG,VoLTE registration failures,2026-09-08 02:44,2026-09-08 03:53,12
LOG-799287,TKT-0086,SITE-C840,Region-C,VoLTE,ALM-CELL-DOWN,Cell unavailable,2026-09-22 15:56,ongoing,4
LOG-476133,TKT-0089,SITE-B107,Region-B,VoLTE,ALM-VOLTE-REG,VoLTE registration failures,2026-09-23 17:05,2026-09-23 18:55,2
LOG-437086,TKT-0091,SITE-A289,Region-A,Fiber,ALM-CELL-DOWN,Cell unavailable,2026-09-16 01:06,2026-09-16 08:28,1
LOG-534589,TKT-0092,SITE-D575,Region-D,Fixed Wireless,ALM-BACKHAUL-LOS,Backhaul link loss of signal,2026-09-09 20:53,2026-09-09 22:10,1
LOG-743836,TKT-0094,SITE-C316,Region-C,4G,ALM-BACKHAUL-LOS,Backhaul link loss of signal,2026-09-26 11:12,2026-09-26 13:09,4
LOG-745696,TKT-0097,SITE-D994,Region-D,VoLTE,ALM-CELL-DOWN,Cell unavailable,2026-09-13 11:49,2026-09-13 12:40,9
LOG-391727,TKT-0098,SITE-D507,Region-D,4G,ALM-CFG-DRIFT,Configuration drift detected,2026-09-17 00:58,2026-09-17 03:25,10
LOG-758383,TKT-0101,SITE-A822,Region-A,Fiber,ALM-VOLTE-REG,VoLTE registration failures,2026-09-02 00:45,2026-09-02 04:30,7
LOG-313878,TKT-0102,SITE-D553,Region-D,5G,ALM-VOLTE-REG,VoLTE registration failures,2026-09-19 10:09,2026-09-19 16:41,7
LOG-954028,TKT-0103,SITE-D938,Region-D,VoLTE,ALM-VOLTE-REG,VoLTE registration failures,2026-09-04 10:44,2026-09-04 15:26,3
LOG-179174,TKT-0105,SITE-A554,Region-A,VoLTE,ALM-BACKHAUL-LOS,Backhaul link loss of signal,2026-09-18 09:25,2026-09-18 10:37,2
LOG-962467,TKT-0106,SITE-B357,Region-B,4G,ALM-CELL-DOWN,Cell unavailable,2026-09-12 07:03,ongoing,12
LOG-900326,TKT-0107,SITE-C111,Region-C,Fiber,ALM-PKTLOSS-HIGH,Packet loss threshold exceeded,2026-09-22 12:10,2026-09-22 16:39,4
LOG-553487,TKT-0112,SITE-A138,Region-A,5G,ALM-CELL-DOWN,Cell unavailable,2026-09-02 20:26,2026-09-03 04:06,11
LOG-949637,TKT-0114,SITE-C621,Region-C,4G,ALM-CELL-DOWN,Cell unavailable,2026-09-16 17:58,2026-09-16 21:53,1
LOG-546210,TKT-0116,SITE-A656,Region-A,VoLTE,ALM-POWER-FAIL,External power failure,2026-09-22 18:58,2026-09-23 00:54,1
LOG-120884,TKT-0118,SITE-A537,Region-A,5G,ALM-CELL-DOWN,Cell unavailable,2026-09-19 00:30,2026-09-19 01:15,5
LOG-572453,TKT-0120,SITE-D414,Region-D,4G,ALM-POWER-FAIL,External power failure,2026-09-17 20:08,ongoing,1
LOG-427790,TKT-0122,SITE-A183,Region-A,Fixed Wireless,ALM-POWER-FAIL,External power failure,2026-09-12 10:02,2026-09-12 16:43,6
LOG-446667,TKT-0124,SITE-C468,Region-C,4G,ALM-PKTLOSS-HIGH,Packet loss threshold exceeded,2026-09-02 12:09,ongoing,10
LOG-214669,TKT-0126,SITE-C555,Region-C,Fiber,ALM-VOLTE-REG,VoLTE registration failures,2026-09-21 21:42,2026-09-21 23:32,7
LOG-618418,TKT-0129,SITE-C740,Region-C,Fiber,ALM-CFG-DRIFT,Configuration drift detected,2026-09-28 21:17,ongoing,7
LOG-558851,TKT-0133,SITE-D871,Region-D,5G,ALM-PKTLOSS-HIGH,Packet loss threshold exceeded,2026-09-20 13:57,2026-09-20 20:13,9
LOG-971167,TKT-0134,SITE-A776,Region-A,VoLTE,ALM-CFG-DRIFT,Configuration drift detected,2026-09-11 00:22,ongoing,7
LOG-903041,TKT-0135,SITE-C114,Region-C,Fixed Wireless,ALM-CELL-DOWN,Cell unavailable,2026-09-27 11:04,ongoing,3
LOG-642806,TKT-0137,SITE-B713,Region-B,4G,ALM-PKTLOSS-HIGH,Packet loss threshold exceeded,2026-09-04 12:00,2026-09-04 13:34,9
LOG-744008,TKT-0141,SITE-A841,Region-A,VoLTE,ALM-BACKHAUL-LOS,Backhaul link loss of signal,2026-09-28 14:37,2026-09-28 17:27,12
LOG-845802,TKT-0143,SITE-C992,Region-C,Fixed Wireless,ALM-BACKHAUL-LOS,Backhaul link loss of signal,2026-09-03 06:12,ongoing,3
LOG-452614,TKT-0144,SITE-D361,Region-D,Fixed Wireless,ALM-CELL-DOWN,Cell unavailable,2026-09-20 08:13,2026-09-20 14:49,3
LOG-379099,TKT-0145,SITE-D369,Region-D,Fixed Wireless,ALM-CELL-DOWN,Cell unavailable,2026-09-05 08:15,2026-09-05 09:16,3
LOG-196841,TKT-0146,SITE-C490,Region-C,Fiber,ALM-PKTLOSS-HIGH,Packet loss threshold exceeded,2026-09-11 10:00,2026-09-11 11:40,5
LOG-962298,TKT-0147,SITE-C755,Region-C,4G,ALM-CFG-DRIFT,Configuration drift detected,2026-09-12 02:04,2026-09-12 06:48,6
LOG-807045,TKT-0148,SITE-B468,Region-B,5G,ALM-CELL-DOWN,Cell unavailable,2026-09-22 10:45,2026-09-22 14:49,2
LOG-215069,TKT-0149,SITE-B257,Region-B,VoLTE,ALM-VOLTE-REG,VoLTE registration failures,2026-09-22 16:11,2026-09-22 22:53,3
LOG-513953,TKT-0150,SITE-A253,Region-A,VoLTE,ALM-POWER-FAIL,External power failure,2026-09-21 21:36,2026-09-21 22:22,11
LOG-938198,TKT-0151,SITE-D679,Region-D,Fixed Wireless,ALM-PKTLOSS-HIGH,Packet loss threshold exceeded,2026-09-26 13:27,2026-09-26 18:44,6
LOG-959460,TKT-0153,SITE-B350,Region-B,Fixed Wireless,ALM-PKTLOSS-HIGH,Packet loss threshold exceeded,2026-09-21 06:08,ongoing,3
LOG-673418,TKT-0154,SITE-C947,Region-C,VoLTE,ALM-POWER-FAIL,External power failure,2026-09-16 17:35,ongoing,8
LOG-649628,TKT-0155,SITE-D264,Region-D,5G,ALM-CELL-DOWN,Cell unavailable,2026-09-28 18:18,2026-09-28 21:04,4
LOG-339988,TKT-0157,SITE-B744,Region-B,VoLTE,ALM-PKTLOSS-HIGH,Packet loss threshold exceeded,2026-09-20 14:28,2026-09-20 17:31,4
LOG-219271,TKT-0159,SITE-B998,Region-B,VoLTE,ALM-CELL-DOWN,Cell unavailable,2026-09-08 08:29,ongoing,8
LOG-403653,TKT-0160,SITE-A435,Region-A,Fiber,ALM-CELL-DOWN,Cell unavailable,2026-09-12 03:26,2026-09-12 03:56,4
LOG-160995,TKT-0163,SITE-A132,Region-A,VoLTE,ALM-CFG-DRIFT,Configuration drift detected,2026-09-18 05:27,2026-09-18 12:59,8
LOG-900237,TKT-0166,SITE-C683,Region-C,5G,ALM-CELL-DOWN,Cell unavailable,2026-09-07 23:31,2026-09-08 06:00,7
LOG-225352,TKT-0167,SITE-D919,Region-D,Fiber,ALM-CELL-DOWN,Cell unavailable,2026-09-04 22:32,2026-09-05 00:54,5
LOG-338463,TKT-0168,SITE-C434,Region-C,5G,ALM-VOLTE-REG,VoLTE registration failures,2026-09-06 21:05,ongoing,12
LOG-980392,TKT-0169,SITE-A666,Region-A,5G,ALM-CFG-DRIFT,Configuration drift detected,2026-09-25 17:30,2026-09-25 21:20,11
LOG-556483,TKT-0170,SITE-D419,Region-D,VoLTE,ALM-POWER-FAIL,External power failure,2026-09-17 09:22,2026-09-17 10:24,4
LOG-696095,TKT-0171,SITE-C190,Region-C,Fixed Wireless,ALM-POWER-FAIL,External power failure,2026-09-26 02:16,2026-09-26 06:31,11
LOG-502396,TKT-0172,SITE-A400,Region-A,Fiber,ALM-CELL-DOWN,Cell unavailable,2026-09-18 07:44,ongoing,4
LOG-723839,TKT-0174,SITE-B624,Region-B,Fiber,ALM-BACKHAUL-LOS,Backhaul link loss of signal,2026-09-22 03:54,2026-09-22 10:23,2
LOG-576539,TKT-0175,SITE-C347,Region-C,VoLTE,ALM-CFG-DRIFT,Configuration drift detected,2026-09-26 01:08,ongoing,11
LOG-223103,TKT-0179,SITE-D565,Region-D,Fixed Wireless,ALM-BACKHAUL-LOS,Backhaul link loss of signal,2026-09-17 07:58,2026-09-17 08:40,11
LOG-844378,TKT-0180,SITE-A780,Region-A,VoLTE,ALM-VOLTE-REG,VoLTE registration failures,2026-09-19 19:41,ongoing,5
LOG-245431,TKT-0181,SITE-D922,Region-D,4G,ALM-CFG-DRIFT,Configuration drift detected,2026-09-04 09:26,2026-09-04 11:59,6
LOG-747059,TKT-0183,SITE-C690,Region-C,Fiber,ALM-VOLTE-REG,VoLTE registration failures,2026-09-12 16:38,2026-09-13 00:17,6
LOG-206167,TKT-0184,SITE-A445,Region-A,Fixed Wireless,ALM-PKTLOSS-HIGH,Packet loss threshold exceeded,2026-09-21 15:26,2026-09-21 18:57,5
LOG-661376,TKT-0185,SITE-A882,Region-A,4G,ALM-POWER-FAIL,External power failure,2026-09-21 21:45,2026-09-22 01:10,8
LOG-693086,TKT-0186,SITE-A263,Region-A,VoLTE,ALM-PKTLOSS-HIGH,Packet loss threshold exceeded,2026-09-14 13:09,2026-09-14 13:31,11
LOG-257817,TKT-0194,SITE-D734,Region-D,Fixed Wireless,ALM-VOLTE-REG,VoLTE registration failures,2026-09-02 17:04,2026-09-02 18:35,8
LOG-685332,TKT-0195,SITE-B365,Region-B,Fiber,ALM-CELL-DOWN,Cell unavailable,2026-09-14 20:52,ongoing,2
LOG-377274,TKT-0196,SITE-D787,Region-D,Fiber,ALM-BACKHAUL-LOS,Backhaul link loss of signal,2026-09-28 22:38,2026-09-29 01:31,8
LOG-188905,TKT-0201,SITE-D807,Region-D,VoLTE,ALM-CELL-DOWN,Cell unavailable,2026-09-14 08:06,2026-09-14 14:19,10
LOG-532798,TKT-0203,SITE-D914,Region-D,5G,ALM-CFG-DRIFT,Configuration drift detected,2026-09-26 08:35,2026-09-26 15:08,4
LOG-954542,TKT-0204,SITE-A721,Region-A,4G,ALM-CELL-DOWN,Cell unavailable,2026-09-16 18:22,2026-09-16 21:30,10
LOG-452192,TKT-0205,SITE-A143,Region-A,Fixed Wireless,ALM-BACKHAUL-LOS,Backhaul link loss of signal,2026-09-07 13:40,2026-09-07 20:58,5
LOG-323414,TKT-0207,SITE-D382,Region-D,Fixed Wireless,ALM-BACKHAUL-LOS,Backhaul link loss of signal,2026-09-14 23:27,2026-09-15 04:54,7
LOG-134845,TKT-0208,SITE-C982,Region-C,Fixed Wireless,ALM-CFG-DRIFT,Configuration drift detected,2026-09-28 11:59,2026-09-28 15:46,5
LOG-736850,TKT-0209,SITE-D206,Region-D,5G,ALM-POWER-FAIL,External power failure,2026-09-18 15:16,2026-09-18 21:01,1
LOG-966674,TKT-0210,SITE-A300,Region-A,4G,ALM-POWER-FAIL,External power failure,2026-09-20 09:25,ongoing,7
LOG-708425,TKT-0214,SITE-B924,Region-B,VoLTE,ALM-CFG-DRIFT,Configuration drift detected,2026-09-23 14:07,2026-09-23 20:38,6
LOG-150066,TKT-0218,SITE-B707,Region-B,Fixed Wireless,ALM-CELL-DOWN,Cell unavailable,2026-09-03 17:20,2026-09-03 23:54,1
LOG-817625,TKT-0219,SITE-B244,Region-B,5G,ALM-CFG-DRIFT,Configuration drift detected,2026-09-23 01:30,2026-09-23 04:54,12
LOG-163570,TKT-0220,SITE-A145,Region-A,5G,ALM-POWER-FAIL,External power failure,2026-09-11 21:38,ongoing,5
LOG-387685,TKT-0223,SITE-D765,Region-D,4G,ALM-CFG-DRIFT,Configuration drift detected,2026-09-06 11:02,2026-09-06 16:40,4
LOG-592734,TKT-0224,SITE-C218,Region-C,5G,ALM-CELL-DOWN,Cell unavailable,2026-09-10 02:59,ongoing,1
LOG-675802,TKT-0226,SITE-B697,Region-B,Fiber,ALM-BACKHAUL-LOS,Backhaul link loss of signal,2026-09-16 08:02,2026-09-16 10:58,3
LOG-627277,TKT-0227,SITE-A211,Region-A,4G,ALM-CELL-DOWN,Cell unavailable,2026-09-22 12:20,2026-09-22 18:38,9
LOG-412307,TKT-0229,SITE-D934,Region-D,Fiber,ALM-PKTLOSS-HIGH,Packet loss threshold exceeded,2026-09-12 14:17,2026-09-12 20:55,3
LOG-555903,TKT-0230,SITE-C218,Region-C,Fixed Wireless,ALM-POWER-FAIL,External power failure,2026-09-06 10:33,2026-09-06 17:32,10
LOG-882056,TKT-0233,SITE-C460,Region-C,Fiber,ALM-VOLTE-REG,VoLTE registration failures,2026-09-27 15:40,2026-09-27 20:11,7
LOG-711049,TKT-0237,SITE-D841,Region-D,VoLTE,ALM-CFG-DRIFT,Configuration drift detected,2026-09-20 15:15,2026-09-20 15:40,7
LOG-100752,TKT-0238,SITE-C276,Region-C,4G,ALM-PKTLOSS-HIGH,Packet loss threshold exceeded,2026-09-06 11:15,ongoing,5
LOG-325249,TKT-0239,SITE-B181,Region-B,4G,ALM-POWER-FAIL,External power failure,2026-09-28 08:44,2026-09-28 10:51,9
LOG-814469,TKT-0240,SITE-A708,Region-A,4G,ALM-POWER-FAIL,External power failure,2026-09-11 23:57,2026-09-12 00:53,2
LOG-272013,TKT-0241,SITE-C901,Region-C,Fixed Wireless,ALM-BACKHAUL-LOS,Backhaul link loss of signal,2026-09-27 14:45,2026-09-27 18:21,9
LOG-979184,TKT-0242,SITE-B123,Region-B,4G,ALM-CFG-DRIFT,Configuration drift detected,2026-09-13 20:32,2026-09-13 23:30,1
LOG-392864,TKT-0246,SITE-D716,Region-D,5G,ALM-CELL-DOWN,Cell unavailable,2026-09-25 17:03,2026-09-26 00:27,4
LOG-206777,TKT-0247,SITE-A957,Region-A,Fixed Wireless,ALM-BACKHAUL-LOS,Backhaul link loss of signal,2026-09-28 01:47,2026-09-28 07:58,1
LOG-967501,TKT-0248,SITE-A397,Region-A,VoLTE,ALM-PKTLOSS-HIGH,Packet loss threshold exceeded,2026-09-06 16:08,2026-09-06 18:03,1
LOG-542709,TKT-0250,SITE-D488,Region-D,VoLTE,ALM-PKTLOSS-HIGH,Packet loss threshold exceeded,2026-09-22 16:48,ongoing,3
LOG-716735,TKT-0252,SITE-B185,Region-B,VoLTE,ALM-CELL-DOWN,Cell unavailable,2026-09-11 19:14,2026-09-11 20:31,9
LOG-928054,TKT-0254,SITE-A945,Region-A,4G,ALM-PKTLOSS-HIGH,Packet loss threshold exceeded,2026-09-04 17:11,ongoing,2
LOG-777550,TKT-0256,SITE-A285,Region-A,Fiber,ALM-BACKHAUL-LOS,Backhaul link loss of signal,2026-09-01 20:56,ongoing,5
LOG-535714,TKT-0257,SITE-D923,Region-D,5G,ALM-POWER-FAIL,External power failure,2026-09-05 17:12,ongoing,4
LOG-974670,TKT-0258,SITE-C648,Region-C,VoLTE,ALM-PKTLOSS-HIGH,Packet loss threshold exceeded,2026-09-18 07:28,ongoing,11
LOG-495167,TKT-0260,SITE-B197,Region-B,5G,ALM-PKTLOSS-HIGH,Packet loss threshold exceeded,2026-09-21 01:56,ongoing,6
LOG-521441,TKT-0262,SITE-A816,Region-A,Fixed Wireless,ALM-BACKHAUL-LOS,Backhaul link loss of signal,2026-09-02 01:06,2026-09-02 06:43,7
LOG-234266,TKT-0263,SITE-C940,Region-C,5G,ALM-POWER-FAIL,External power failure,2026-09-27 02:58,ongoing,8
LOG-485146,TKT-0269,SITE-A134,Region-A,4G,ALM-CELL-DOWN,Cell unavailable,2026-09-21 18:15,2026-09-21 22:20,6
LOG-545892,TKT-0270,SITE-A260,Region-A,VoLTE,ALM-POWER-FAIL,External power failure,2026-09-18 20:46,ongoing,9
LOG-462425,TKT-0272,SITE-D803,Region-D,4G,ALM-PKTLOSS-HIGH,Packet loss threshold exceeded,2026-09-14 23:24,ongoing,5
LOG-236184,TKT-0273,SITE-B122,Region-B,Fiber,ALM-CELL-DOWN,Cell unavailable,2026-09-07 11:59,2026-09-07 17:13,10
LOG-789032,TKT-0274,SITE-D115,Region-D,VoLTE,ALM-VOLTE-REG,VoLTE registration failures,2026-09-28 09:14,2026-09-28 16:28,7
LOG-905519,TKT-0277,SITE-A817,Region-A,Fixed Wireless,ALM-PKTLOSS-HIGH,Packet loss threshold exceeded,2026-09-10 20:59,ongoing,9
LOG-540252,TKT-0278,SITE-B296,Region-B,Fiber,ALM-VOLTE-REG,VoLTE registration failures,2026-09-12 08:21,ongoing,1
LOG-181978,TKT-0280,SITE-A791,Region-A,VoLTE,ALM-POWER-FAIL,External power failure,2026-09-17 11:45,2026-09-17 19:38,4
LOG-980733,TKT-0284,SITE-D974,Region-D,VoLTE,ALM-POWER-FAIL,External power failure,2026-09-21 22:11,ongoing,5
LOG-580724,TKT-0288,SITE-A191,Region-A,Fixed Wireless,ALM-PKTLOSS-HIGH,Packet loss threshold exceeded,2026-09-17 23:32,ongoing,11
LOG-869680,TKT-0289,SITE-C846,Region-C,Fixed Wireless,ALM-POWER-FAIL,External power failure,2026-09-29 03:42,ongoing,5
LOG-351821,TKT-0290,SITE-A341,Region-A,VoLTE,ALM-POWER-FAIL,External power failure,2026-09-15 14:04,ongoing,9
LOG-495410,TKT-0291,SITE-D961,Region-D,Fixed Wireless,ALM-BACKHAUL-LOS,Backhaul link loss of signal,2026-09-07 14:35,2026-09-07 22:22,8
LOG-531402,TKT-0292,SITE-B151,Region-B,Fixed Wireless,ALM-PKTLOSS-HIGH,Packet loss threshold exceeded,2026-09-07 17:14,2026-09-08 00:16,2
LOG-374599,TKT-0294,SITE-D227,Region-D,Fiber,ALM-CFG-DRIFT,Configuration drift detected,2026-09-05 02:17,2026-09-05 04:07,12
LOG-866567,TKT-0295,SITE-B482,Region-B,VoLTE,ALM-VOLTE-REG,VoLTE registration failures,2026-09-08 23:43,ongoing,11
LOG-795732,TKT-0298,SITE-D320,Region-D,5G,ALM-POWER-FAIL,External power failure,2026-09-10 21:14,2026-09-10 23:34,8
LOG-646962,TKT-0299,SITE-B631,Region-B,4G,ALM-VOLTE-REG,VoLTE registration failures,2026-09-04 00:50,2026-09-04 05:34,8
LOG-102744,TKT-0304,SITE-C126,Region-C,Fiber,ALM-VOLTE-REG,VoLTE registration failures,2026-09-11 05:55,ongoing,5
LOG-229556,TKT-0309,SITE-A796,Region-A,Fiber,ALM-VOLTE-REG,VoLTE registration failures,2026-09-01 09:11,ongoing,4
LOG-429890,TKT-0310,SITE-A852,Region-A,Fiber,ALM-VOLTE-REG,VoLTE registration failures,2026-09-06 19:43,2026-09-07 00:11,8
LOG-810310,TKT-0311,SITE-D692,Region-D,4G,ALM-CELL-DOWN,Cell unavailable,2026-09-06 00:43,ongoing,11
LOG-339235,TKT-0312,SITE-A393,Region-A,4G,ALM-VOLTE-REG,VoLTE registration failures,2026-09-29 02:37,2026-09-29 05:54,1
LOG-248755,TKT-0313,SITE-D644,Region-D,Fiber,ALM-CELL-DOWN,Cell unavailable,2026-09-05 21:44,ongoing,1
LOG-869964,TKT-0314,SITE-C499,Region-C,Fiber,ALM-VOLTE-REG,VoLTE registration failures,2026-09-13 22:31,2026-09-14 06:15,1
LOG-185772,TKT-0315,SITE-C810,Region-C,5G,ALM-CFG-DRIFT,Configuration drift detected,2026-09-28 22:55,ongoing,5
LOG-419461,TKT-0316,SITE-D391,Region-D,4G,ALM-BACKHAUL-LOS,Backhaul link loss of signal,2026-09-12 07:19,2026-09-12 08:45,6
LOG-770694,TKT-0317,SITE-C898,Region-C,VoLTE,ALM-POWER-FAIL,External power failure,2026-09-27 04:49,2026-09-27 08:20,12
LOG-689034,TKT-0318,SITE-A303,Region-A,5G,ALM-BACKHAUL-LOS,Backhaul link loss of signal,2026-09-01 23:03,ongoing,11
LOG-445556,TKT-0319,SITE-D900,Region-D,Fixed Wireless,ALM-CFG-DRIFT,Configuration drift detected,2026-09-05 02:01,2026-09-05 05:45,1
LOG-940476,TKT-0321,SITE-D303,Region-D,VoLTE,ALM-CELL-DOWN,Cell unavailable,2026-09-03 23:14,2026-09-04 02:15,2
LOG-262167,TKT-0326,SITE-A903,Region-A,4G,ALM-PKTLOSS-HIGH,Packet loss threshold exceeded,2026-09-18 18:18,2026-09-19 02:02,8
LOG-277534,TKT-0327,SITE-B426,Region-B,Fiber,ALM-VOLTE-REG,VoLTE registration failures,2026-09-20 06:39,2026-09-20 12:49,6
LOG-948964,TKT-0328,SITE-A617,Region-A,5G,ALM-CFG-DRIFT,Configuration drift detected,2026-09-24 19:21,2026-09-25 01:44,1
LOG-670511,TKT-0330,SITE-B627,Region-B,Fixed Wireless,ALM-VOLTE-REG,VoLTE registration failures,2026-09-28 06:17,2026-09-28 12:30,8
LOG-930324,TKT-0331,SITE-A458,Region-A,4G,ALM-VOLTE-REG,VoLTE registration failures,2026-09-11 22:29,2026-09-12 01:27,6
LOG-566902,TKT-0333,SITE-B935,Region-B,5G,ALM-CELL-DOWN,Cell unavailable,2026-09-05 13:36,2026-09-05 14:43,8
LOG-954786,TKT-0335,SITE-A111,Region-A,Fixed Wireless,ALM-CELL-DOWN,Cell unavailable,2026-09-07 06:46,2026-09-07 09:22,7
LOG-289867,TKT-0336,SITE-C286,Region-C,VoLTE,ALM-POWER-FAIL,External power failure,2026-09-11 23:09,2026-09-12 05:01,4
LOG-765839,TKT-0338,SITE-C864,Region-C,Fiber,ALM-POWER-FAIL,External power failure,2026-09-08 12:09,2026-09-08 18:47,3
LOG-508451,TKT-0339,SITE-C149,Region-C,4G,ALM-VOLTE-REG,VoLTE registration failures,2026-09-12 15:07,2026-09-12 21:59,4
LOG-314610,TKT-0340,SITE-B929,Region-B,VoLTE,ALM-BACKHAUL-LOS,Backhaul link loss of signal,2026-09-21 21:55,2026-09-22 02:25,1
LOG-984475,TKT-0342,SITE-C445,Region-C,Fixed Wireless,ALM-CELL-DOWN,Cell unavailable,2026-09-04 06:25,2026-09-04 13:45,6
LOG-700987,TKT-0343,SITE-A880,Region-A,VoLTE,ALM-VOLTE-REG,VoLTE registration failures,2026-09-03 15:18,ongoing,3
LOG-451210,TKT-0344,SITE-A872,Region-A,Fiber,ALM-PKTLOSS-HIGH,Packet loss threshold exceeded,2026-09-09 04:45,ongoing,9
LOG-647559,TKT-0345,SITE-A777,Region-A,4G,ALM-VOLTE-REG,VoLTE registration failures,2026-09-12 12:27,2026-09-12 18:12,6
LOG-947192,TKT-0346,SITE-A244,Region-A,5G,ALM-PKTLOSS-HIGH,Packet loss threshold exceeded,2026-09-07 13:53,2026-09-07 14:49,6
LOG-650005,TKT-0348,SITE-C477,Region-C,Fiber,ALM-POWER-FAIL,External power failure,2026-09-15 20:17,2026-09-15 22:17,9
LOG-558094,TKT-0351,SITE-A147,Region-A,Fixed Wireless,ALM-POWER-FAIL,External power failure,2026-09-27 04:01,2026-09-27 09:44,4
LOG-413478,TKT-0354,SITE-B738,Region-B,4G,ALM-CFG-DRIFT,Configuration drift detected,2026-09-17 22:33,2026-09-18 00:22,8
LOG-151765,TKT-0355,SITE-A309,Region-A,Fixed Wireless,ALM-POWER-FAIL,External power failure,2026-09-16 00:22,2026-09-16 07:40,7
LOG-299318,TKT-0358,SITE-C861,Region-C,4G,ALM-VOLTE-REG,VoLTE registration failures,2026-09-27 01:43,2026-09-27 03:37,10
LOG-579588,TKT-0359,SITE-C291,Region-C,4G,ALM-PKTLOSS-HIGH,Packet loss threshold exceeded,2026-09-05 08:54,2026-09-05 15:34,10
LOG-362023,TKT-0361,SITE-D157,Region-D,5G,ALM-CFG-DRIFT,Configuration drift detected,2026-09-08 21:41,ongoing,7
LOG-499842,TKT-0363,SITE-C976,Region-C,VoLTE,ALM-VOLTE-REG,VoLTE registration failures,2026-09-16 21:20,2026-09-16 21:44,4
LOG-945947,TKT-0364,SITE-D910,Region-D,VoLTE,ALM-POWER-FAIL,External power failure,2026-09-20 23:07,2026-09-21 02:23,3
LOG-753726,TKT-0365,SITE-B607,Region-B,VoLTE,ALM-BACKHAUL-LOS,Backhaul link loss of signal,2026-09-26 13:14,ongoing,4
LOG-459468,TKT-0366,SITE-B637,Region-B,VoLTE,ALM-VOLTE-REG,VoLTE registration failures,2026-09-19 05:09,ongoing,11
LOG-763462,TKT-0367,SITE-D644,Region-D,5G,ALM-POWER-FAIL,External power failure,2026-09-28 15:35,2026-09-28 23:26,12
LOG-749394,TKT-0368,SITE-D153,Region-D,5G,ALM-BACKHAUL-LOS,Backhaul link loss of signal,2026-09-19 10:08,ongoing,1
LOG-889836,TKT-0369,SITE-C833,Region-C,4G,ALM-VOLTE-REG,VoLTE registration failures,2026-09-09 19:47,2026-09-09 21:26,4
LOG-340609,TKT-0370,SITE-A900,Region-A,VoLTE,ALM-BACKHAUL-LOS,Backhaul link loss of signal,2026-09-05 05:36,2026-09-05 06:41,3
LOG-873429,TKT-0373,SITE-D741,Region-D,5G,ALM-VOLTE-REG,VoLTE registration failures,2026-09-10 23:26,2026-09-11 03:55,6
LOG-543186,TKT-0374,SITE-B970,Region-B,Fiber,ALM-CELL-DOWN,Cell unavailable,2026-09-28 09:57,2026-09-28 11:51,5
LOG-810248,TKT-0376,SITE-D355,Region-D,Fixed Wireless,ALM-CFG-DRIFT,Configuration drift detected,2026-09-08 03:26,2026-09-08 09:37,11
LOG-378618,TKT-0378,SITE-B443,Region-B,5G,ALM-VOLTE-REG,VoLTE registration failures,2026-09-07 21:07,2026-09-08 04:38,8
LOG-821305,TKT-0379,SITE-B613,Region-B,VoLTE,ALM-CFG-DRIFT,Configuration drift detected,2026-09-13 13:21,2026-09-13 18:14,10
LOG-810404,TKT-0381,SITE-A733,Region-A,Fiber,ALM-BACKHAUL-LOS,Backhaul link loss of signal,2026-09-10 22:53,2026-09-11 02:40,4
LOG-346468,TKT-0383,SITE-B824,Region-B,4G,ALM-PKTLOSS-HIGH,Packet loss threshold exceeded,2026-09-12 16:30,2026-09-12 23:52,12
LOG-526063,TKT-0384,SITE-D585,Region-D,Fiber,ALM-CFG-DRIFT,Configuration drift detected,2026-09-02 17:22,2026-09-02 18:11,9
LOG-714057,TKT-0385,SITE-C726,Region-C,Fixed Wireless,ALM-CELL-DOWN,Cell unavailable,2026-09-13 02:31,2026-09-13 10:01,7
LOG-365658,TKT-0386,SITE-B891,Region-B,5G,ALM-PKTLOSS-HIGH,Packet loss threshold exceeded,2026-09-11 09:46,2026-09-11 13:56,5
LOG-368290,TKT-0387,SITE-A506,Region-A,Fixed Wireless,ALM-POWER-FAIL,External power failure,2026-09-22 21:50,ongoing,8
LOG-737267,TKT-0389,SITE-D965,Region-D,4G,ALM-BACKHAUL-LOS,Backhaul link loss of signal,2026-09-19 09:47,2026-09-19 10:35,2
LOG-711895,TKT-0391,SITE-C249,Region-C,VoLTE,ALM-CELL-DOWN,Cell unavailable,2026-09-24 21:01,2026-09-25 00:33,6
LOG-356576,TKT-0392,SITE-B964,Region-B,VoLTE,ALM-POWER-FAIL,External power failure,2026-09-23 23:15,2026-09-24 06:03,7
LOG-830713,TKT-0394,SITE-C370,Region-C,Fixed Wireless,ALM-CELL-DOWN,Cell unavailable,2026-09-26 17:45,ongoing,7
LOG-538904,TKT-0395,SITE-B236,Region-B,Fixed Wireless,ALM-POWER-FAIL,External power failure,2026-09-05 09:32,2026-09-05 16:25,5
LOG-933657,TKT-0398,SITE-C392,Region-C,4G,ALM-VOLTE-REG,VoLTE registration failures,2026-09-22 03:47,ongoing,4
LOG-950457,TKT-0401,SITE-A973,Region-A,Fiber,ALM-BACKHAUL-LOS,Backhaul link loss of signal,2026-09-10 09:48,2026-09-10 14:08,10
LOG-713048,TKT-0402,SITE-A504,Region-A,5G,ALM-POWER-FAIL,External power failure,2026-09-11 15:08,ongoing,9
LOG-463147,TKT-0403,SITE-C523,Region-C,Fixed Wireless,ALM-CELL-DOWN,Cell unavailable,2026-09-03 09:56,2026-09-03 13:34,8
LOG-392639,TKT-0404,SITE-B662,Region-B,Fiber,ALM-VOLTE-REG,VoLTE registration failures,2026-09-17 16:23,ongoing,7
LOG-501492,TKT-0405,SITE-B264,Region-B,4G,ALM-CELL-DOWN,Cell unavailable,2026-09-02 07:56,ongoing,8
LOG-946465,TKT-0408,SITE-D679,Region-D,VoLTE,ALM-POWER-FAIL,External power failure,2026-09-25 00:18,2026-09-25 06:30,6
LOG-304812,TKT-0409,SITE-A868,Region-A,Fixed Wireless,ALM-POWER-FAIL,External power failure,2026-09-06 04:04,ongoing,10
LOG-467406,TKT-0411,SITE-B931,Region-B,VoLTE,ALM-CELL-DOWN,Cell unavailable,2026-09-05 09:12,2026-09-05 10:29,10
LOG-147857,TKT-0413,SITE-A221,Region-A,Fiber,ALM-VOLTE-REG,VoLTE registration failures,2026-09-03 03:05,ongoing,11
LOG-216911,TKT-0414,SITE-A892,Region-A,5G,ALM-VOLTE-REG,VoLTE registration failures,2026-09-07 15:09,2026-09-07 19:55,2
LOG-407806,TKT-0416,SITE-D408,Region-D,Fiber,ALM-VOLTE-REG,VoLTE registration failures,2026-09-06 11:29,ongoing,1
LOG-551665,TKT-0418,SITE-D938,Region-D,4G,ALM-CELL-DOWN,Cell unavailable,2026-09-20 01:13,2026-09-20 04:22,7
LOG-931759,TKT-0420,SITE-C632,Region-C,Fiber,ALM-VOLTE-REG,VoLTE registration failures,2026-09-08 02:22,2026-09-08 09:50,11
LOG-473818,TKT-0421,SITE-B657,Region-B,5G,ALM-CELL-DOWN,Cell unavailable,2026-09-23 21:35,2026-09-24 05:28,10
LOG-749836,TKT-0423,SITE-D545,Region-D,Fiber,ALM-POWER-FAIL,External power failure,2026-09-21 16:19,2026-09-21 19:15,12
LOG-274835,TKT-0424,SITE-D318,Region-D,5G,ALM-POWER-FAIL,External power failure,2026-09-26 16:32,2026-09-26 20:49,8
LOG-392291,TKT-0425,SITE-B844,Region-B,Fixed Wireless,ALM-PKTLOSS-HIGH,Packet loss threshold exceeded,2026-09-16 20:18,2026-09-17 01:25,5
LOG-939293,TKT-0426,SITE-D474,Region-D,Fixed Wireless,ALM-VOLTE-REG,VoLTE registration failures,2026-09-17 20:48,ongoing,8
LOG-903679,TKT-0427,SITE-C641,Region-C,VoLTE,ALM-CELL-DOWN,Cell unavailable,2026-09-18 08:23,ongoing,1
LOG-532381,TKT-0428,SITE-A310,Region-A,Fiber,ALM-VOLTE-REG,VoLTE registration failures,2026-09-10 05:59,2026-09-10 12:11,12
LOG-388019,TKT-0429,SITE-C842,Region-C,4G,ALM-PKTLOSS-HIGH,Packet loss threshold exceeded,2026-09-03 10:47,2026-09-03 13:40,2
LOG-234373,TKT-0430,SITE-B952,Region-B,Fiber,ALM-POWER-FAIL,External power failure,2026-09-25 11:17,2026-09-25 19:00,5
LOG-343587,TKT-0431,SITE-B476,Region-B,Fixed Wireless,ALM-VOLTE-REG,VoLTE registration failures,2026-09-07 04:13,2026-09-07 10:30,12
LOG-662502,TKT-0432,SITE-D288,Region-D,Fixed Wireless,ALM-CELL-DOWN,Cell unavailable,2026-09-12 15:08,2026-09-12 20:53,10
LOG-630713,TKT-0433,SITE-B146,Region-B,4G,ALM-PKTLOSS-HIGH,Packet loss threshold exceeded,2026-09-24 15:33,2026-09-24 20:57,10
LOG-690087,TKT-0434,SITE-B992,Region-B,4G,ALM-BACKHAUL-LOS,Backhaul link loss of signal,2026-09-17 01:09,ongoing,2
LOG-955457,TKT-0435,SITE-A656,Region-A,VoLTE,ALM-VOLTE-REG,VoLTE registration failures,2026-09-23 04:41,ongoing,11
LOG-520893,TKT-0437,SITE-C810,Region-C,4G,ALM-CFG-DRIFT,Configuration drift detected,2026-09-07 23:56,2026-09-08 06:47,5
LOG-980301,TKT-0439,SITE-C358,Region-C,Fixed Wireless,ALM-CFG-DRIFT,Configuration drift detected,2026-09-03 11:18,2026-09-03 14:22,3
LOG-826208,TKT-0443,SITE-C339,Region-C,Fixed Wireless,ALM-CELL-DOWN,Cell unavailable,2026-09-22 13:21,2026-09-22 14:36,11
LOG-326370,TKT-0444,SITE-C883,Region-C,Fixed Wireless,ALM-BACKHAUL-LOS,Backhaul link loss of signal,2026-09-26 08:55,2026-09-26 15:20,4
LOG-978703,TKT-0445,SITE-A783,Region-A,4G,ALM-POWER-FAIL,External power failure,2026-09-20 06:18,ongoing,4
LOG-626415,TKT-0447,SITE-C295,Region-C,5G,ALM-BACKHAUL-LOS,Backhaul link loss of signal,2026-09-29 06:19,2026-09-29 12:13,7
LOG-722323,TKT-0449,SITE-D589,Region-D,Fixed Wireless,ALM-CELL-DOWN,Cell unavailable,2026-09-14 19:47,ongoing,8
LOG-990328,TKT-0450,SITE-A702,Region-A,4G,ALM-PKTLOSS-HIGH,Packet loss threshold exceeded,2026-09-10 22:13,ongoing,9
LOG-520439,TKT-0454,SITE-A674,Region-A,Fixed Wireless,ALM-PKTLOSS-HIGH,Packet loss threshold exceeded,2026-09-04 15:17,ongoing,11
LOG-763370,TKT-0456,SITE-D426,Region-D,4G,ALM-CFG-DRIFT,Configuration drift detected,2026-09-07 21:22,2026-09-07 23:10,9
LOG-999623,TKT-0458,SITE-B355,Region-B,VoLTE,ALM-BACKHAUL-LOS,Backhaul link loss of signal,2026-09-10 23:16,2026-09-11 05:04,3
LOG-539619,TKT-0460,SITE-D341,Region-D,Fixed Wireless,ALM-BACKHAUL-LOS,Backhaul link loss of signal,2026-09-04 15:53,ongoing,7
LOG-579878,TKT-0461,SITE-C872,Region-C,Fiber,ALM-VOLTE-REG,VoLTE registration failures,2026-09-12 00:10,2026-09-12 02:04,2
LOG-702155,TKT-0462,SITE-D592,Region-D,Fiber,ALM-PKTLOSS-HIGH,Packet loss threshold exceeded,2026-09-15 05:52,2026-09-15 13:03,1
LOG-301202,TKT-0463,SITE-B374,Region-B,Fiber,ALM-PKTLOSS-HIGH,Packet loss threshold exceeded,2026-09-12 12:53,2026-09-12 15:26,3
LOG-960097,TKT-0464,SITE-B403,Region-B,VoLTE,ALM-BACKHAUL-LOS,Backhaul link loss of signal,2026-09-23 04:14,ongoing,7
LOG-634758,TKT-0467,SITE-D635,Region-D,Fixed Wireless,ALM-CFG-DRIFT,Configuration drift detected,2026-09-17 23:34,ongoing,7
LOG-712483,TKT-0469,SITE-B422,Region-B,Fixed Wireless,ALM-VOLTE-REG,VoLTE registration failures,2026-09-09 11:40,ongoing,1
LOG-272064,TKT-0470,SITE-C880,Region-C,Fiber,ALM-PKTLOSS-HIGH,Packet loss threshold exceeded,2026-09-23 12:38,ongoing,3
LOG-264010,TKT-0471,SITE-C189,Region-C,Fixed Wireless,ALM-VOLTE-REG,VoLTE registration failures,2026-09-22 00:35,2026-09-22 03:40,7
LOG-481804,TKT-0472,SITE-C266,Region-C,Fixed Wireless,ALM-BACKHAUL-LOS,Backhaul link loss of signal,2026-09-27 16:01,2026-09-27 19:30,10
LOG-492065,TKT-0473,SITE-C968,Region-C,5G,ALM-POWER-FAIL,External power failure,2026-09-24 20:00,2026-09-24 22:01,3
LOG-844865,TKT-0474,SITE-A684,Region-A,Fixed Wireless,ALM-VOLTE-REG,VoLTE registration failures,2026-09-21 08:29,2026-09-21 15:47,12
LOG-318271,TKT-0478,SITE-D925,Region-D,Fixed Wireless,ALM-CFG-DRIFT,Configuration drift detected,2026-09-02 04:20,2026-09-02 10:47,5
LOG-687361,TKT-0479,SITE-D404,Region-D,4G,ALM-BACKHAUL-LOS,Backhaul link loss of signal,2026-09-23 06:06,2026-09-23 11:22,10
LOG-342239,TKT-0482,SITE-A792,Region-A,Fixed Wireless,ALM-CFG-DRIFT,Configuration drift detected,2026-09-07 06:21,ongoing,11
LOG-443397,TKT-0485,SITE-D299,Region-D,Fixed Wireless,ALM-PKTLOSS-HIGH,Packet loss threshold exceeded,2026-09-01 13:58,ongoing,11
LOG-352983,TKT-0486,SITE-A195,Region-A,Fixed Wireless,ALM-PKTLOSS-HIGH,Packet loss threshold exceeded,2026-09-10 16:22,2026-09-10 20:47,5
LOG-708618,TKT-0488,SITE-D578,Region-D,4G,ALM-VOLTE-REG,VoLTE registration failures,2026-09-26 17:00,2026-09-26 23:32,9
LOG-761679,TKT-0493,SITE-C766,Region-C,Fixed Wireless,ALM-CELL-DOWN,Cell unavailable,2026-09-03 22:45,2026-09-04 03:50,2
LOG-846971,TKT-0494,SITE-B531,Region-B,5G,ALM-PKTLOSS-HIGH,Packet loss threshold exceeded,2026-09-14 08:23,2026-09-14 09:12,10
LOG-712878,TKT-0498,SITE-D507,Region-D,Fiber,ALM-VOLTE-REG,VoLTE registration failures,2026-09-13 05:11,2026-09-13 08:42,1
LOG-784478,TKT-0499,SITE-A954,Region-A,VoLTE,ALM-PKTLOSS-HIGH,Packet loss threshold exceeded,2026-09-25 19:32,2026-09-26 02:44,12
LOG-663885,TKT-0500,SITE-D859,Region-D,Fixed Wireless,ALM-CFG-DRIFT,Configuration drift detected,2026-09-22 05:11,2026-09-22 11:41,10
